{
    "loss": 25.236597061157227,
    "accuracy": 0.48201438784599304
}